﻿{
	"data": [
		{
			"QYNAME": "湖南巴士",
			"LINENAME": "9路",
			"NUM": "76"
		}, {
			"QYNAME": "湖南巴士",
			"LINENAME": "141路",
			"NUM": "68"
		}, {
			"QYNAME": "湖南巴士",
			"LINENAME": "360路",
			"NUM": "65"
		}, {
			"QYNAME": "湖南巴士",
			"LINENAME": "362路",
			"NUM": "60"
		}, {
			"QYNAME": "湖南巴士",
			"LINENAME": "365路",
			"NUM": "64"
		}, {
			"QYNAME": "湖南巴士",
			"LINENAME": "366路",
			"NUM": "95"
		}, {
			"QYNAME": "湖南巴士",
			"LINENAME": "367路",
			"NUM": "86"
		}, {
			"QYNAME": "湖南巴士",
			"LINENAME": "370路",
			"NUM": "79"
		}, {
			"QYNAME": "湖南巴士",
			"LINENAME": "372路",
			"NUM": "92"
		}, {
			"QYNAME": "湖南巴士",
			"LINENAME": "12路",
			"NUM": "81"
		}, {
			"QYNAME": "湖南巴士",
			"LINENAME": "156路",
			"NUM": "54"
		}, {
			"QYNAME": "湖南巴士",
			"LINENAME": "308路",
			"NUM": "63"
		}, {
			"QYNAME": "湖南巴士",
			"LINENAME": "355路",
			"NUM": "60"
		}, {
			"QYNAME": "湖南巴士",
			"LINENAME": "938路",
			"NUM": "92"
		}, {
			"QYNAME": "湖南巴士",
			"LINENAME": "139路区间",
			"NUM": "62"
		}, {
			"QYNAME": "湖南巴士",
			"LINENAME": "359路",
			"NUM": "56"
		}, {
			"QYNAME": "湖南巴士",
			"LINENAME": "377路",
			"NUM": "67"
		}, {
			"QYNAME": "湖南巴士",
			"LINENAME": "375路",
			"NUM": "57"
		}, {
			"QYNAME": "湖南巴士",
			"LINENAME": "318路",
			"NUM": "93"
		}, {
			"QYNAME": "湖南巴士",
			"LINENAME": "309路",
			"NUM": "93"
		}, {
			"QYNAME": "湖南巴士",
			"LINENAME": "302路",
			"NUM": "51"
		}, {
			"QYNAME": "湖南巴士",
			"LINENAME": "148路",
			"NUM": "78"
		}, {
			"QYNAME": "湖南巴士",
			"LINENAME": "129路",
			"NUM": "80"
		}, {
			"QYNAME": "湖南巴士",
			"LINENAME": "10路",
			"NUM": "53"
		}, {
			"QYNAME": "湖南巴士",
			"LINENAME": "5路",
			"NUM": "86"
		}, {
			"QYNAME": "湖南巴士",
			"LINENAME": "108路",
			"NUM": "81"
		}, {
			"QYNAME": "湖南巴士",
			"LINENAME": "111路",
			"NUM": "95"
		}, {
			"QYNAME": "湖南巴士",
			"LINENAME": "113路",
			"NUM": "59"
		}, {
			"QYNAME": "湖南巴士",
			"LINENAME": "121路",
			"NUM": "97"
		}, {
			"QYNAME": "湖南巴士",
			"LINENAME": "134路",
			"NUM": "83"
		}, {
			"QYNAME": "湖南巴士",
			"LINENAME": "139路",
			"NUM": "71"
		}, {
			"QYNAME": "湖南巴士",
			"LINENAME": "158路",
			"NUM": "90"
		}, {
			"QYNAME": "湖南巴士",
			"LINENAME": "1路",
			"NUM": "70"
		}, {
			"QYNAME": "湖南巴士",
			"LINENAME": "306路",
			"NUM": "84"
		}, {
			"QYNAME": "湖南巴士",
			"LINENAME": "312路",
			"NUM": "63"
		}, {
			"QYNAME": "湖南巴士",
			"LINENAME": "313路",
			"NUM": "65"
		}, {
			"QYNAME": "湖南巴士",
			"LINENAME": "315路",
			"NUM": "91"
		}, {
			"QYNAME": "湖南巴士",
			"LINENAME": "穿梭巴士1号线",
			"NUM": "94"
		}, {
			"QYNAME": "湖南巴士",
			"LINENAME": "穿梭巴士3号线",
			"NUM": "77"
		}, {
			"QYNAME": "湖南巴士",
			"LINENAME": "128路",
			"NUM": "63"
		}, {
			"QYNAME": "湖南巴士",
			"LINENAME": "325路",
			"NUM": "77"
		}, {
			"QYNAME": "湖南巴士",
			"LINENAME": "376路",
			"NUM": "80"
		}, {
			"QYNAME": "湖南巴士",
			"LINENAME": "380路",
			"NUM": "83"
		}, {
			"QYNAME": "湖南巴士",
			"LINENAME": "319路",
			"NUM": "87"
		}, {
			"QYNAME": "湖南巴士",
			"LINENAME": "371路",
			"NUM": "64"
		}, {
			"QYNAME": "湖南巴士",
			"LINENAME": "378路",
			"NUM": "55"
		}, {
			"QYNAME": "湖南巴士",
			"LINENAME": "388路",
			"NUM": "97"
		}, {
			"QYNAME": "湖南巴士",
			"LINENAME": "403路",
			"NUM": "77"
		}, {
			"QYNAME": "湖南巴士",
			"LINENAME": "381路",
			"NUM": "91"
		}, {
			"QYNAME": "湖南巴士",
			"LINENAME": "382路",
			"NUM": "72"
		}, {
			"QYNAME": "湖南巴士",
			"LINENAME": "385路",
			"NUM": "52"
		}, {
			"QYNAME": "湖南巴士",
			"LINENAME": "386路",
			"NUM": "81"
		}, {
			"QYNAME": "湖南巴士",
			"LINENAME": "387路",
			"NUM": "62"
		}, {
			"QYNAME": "湖南巴士",
			"LINENAME": "夜1路",
			"NUM": "82"
		}, {
			"QYNAME": "湖南巴士",
			"LINENAME": "901路",
			"NUM": "60"
		}, {
			"QYNAME": "湖南巴士",
			"LINENAME": "902路",
			"NUM": "58"
		}, {
			"QYNAME": "湖南巴士",
			"LINENAME": "903路",
			"NUM": "51"
		}, {
			"QYNAME": "湖南巴士",
			"LINENAME": "905路",
			"NUM": "88"
		}, {
			"QYNAME": "湖南巴士",
			"LINENAME": "906路",
			"NUM": "98"
		}, {
			"QYNAME": "湖南巴士",
			"LINENAME": "357路",
			"NUM": "82"
		}, {
			"QYNAME": "湖南巴士",
			"LINENAME": "907路",
			"NUM": "60"
		}, {
			"QYNAME": "湖南巴士",
			"LINENAME": "358路",
			"NUM": "90"
		}, {
			"QYNAME": "湖南巴士",
			"LINENAME": "311路",
			"NUM": "60"
		}, {
			"QYNAME": "湖南巴士",
			"LINENAME": "908路",
			"NUM": "69"
		}, {
			"QYNAME": "湖南巴士",
			"LINENAME": "908区间",
			"NUM": "51"
		}, {
			"QYNAME": "湖南巴士",
			"LINENAME": "909路",
			"NUM": "89"
		}, {
			"QYNAME": "湖南巴士",
			"LINENAME": "931路",
			"NUM": "96"
		}, {
			"QYNAME": "湖南巴士",
			"LINENAME": "101路",
			"NUM": "96"
		}, {
			"QYNAME": "湖南巴士",
			"LINENAME": "104路",
			"NUM": "51"
		}, {
			"QYNAME": "湖南巴士",
			"LINENAME": "112路",
			"NUM": "83"
		}, {
			"QYNAME": "湖南巴士",
			"LINENAME": "114路",
			"NUM": "71"
		}, {
			"QYNAME": "湖南巴士",
			"LINENAME": "115路",
			"NUM": "88"
		}, {
			"QYNAME": "湖南巴士",
			"LINENAME": "117路",
			"NUM": "74"
		}, {
			"QYNAME": "湖南巴士",
			"LINENAME": "118路",
			"NUM": "72"
		}, {
			"QYNAME": "湖南巴士",
			"LINENAME": "126路",
			"NUM": "68"
		}, {
			"QYNAME": "湖南巴士",
			"LINENAME": "127路",
			"NUM": "83"
		}, {
			"QYNAME": "湖南巴士",
			"LINENAME": "130路",
			"NUM": "70"
		}, {
			"QYNAME": "湖南巴士",
			"LINENAME": "135路",
			"NUM": "70"
		}, {
			"QYNAME": "湖南巴士",
			"LINENAME": "136路",
			"NUM": "75"
		}, {
			"QYNAME": "湖南巴士",
			"LINENAME": "140路",
			"NUM": "71"
		}, {
			"QYNAME": "湖南巴士",
			"LINENAME": "160路",
			"NUM": "54"
		}, {
			"QYNAME": "湖南巴士",
			"LINENAME": "301路",
			"NUM": "50"
		}, {
			"QYNAME": "湖南巴士",
			"LINENAME": "3路",
			"NUM": "76"
		}, {
			"QYNAME": "湖南巴士",
			"LINENAME": "314路",
			"NUM": "83"
		}, {
			"QYNAME": "湖南巴士",
			"LINENAME": "317路",
			"NUM": "98"
		}, {
			"QYNAME": "湖南巴士",
			"LINENAME": "348路",
			"NUM": "66"
		}, {
			"QYNAME": "湖南巴士",
			"LINENAME": "368路",
			"NUM": "50"
		}, {
			"QYNAME": "湖南巴士",
			"LINENAME": "立珊专线",
			"NUM": "68"
		}, {
			"QYNAME": "湖南巴士",
			"LINENAME": "405路",
			"NUM": "51"
		}, {
			"QYNAME": "湖南巴士",
			"LINENAME": "406路",
			"NUM": "63"
		}, {
			"QYNAME": "湖南巴士",
			"LINENAME": "402路",
			"NUM": "65"
		}, {
			"QYNAME": "湖南巴士",
			"LINENAME": "401路",
			"NUM": "96"
		}, {
			"QYNAME": "湖南巴士",
			"LINENAME": "106路",
			"NUM": "53"
		}, {
			"QYNAME": "湖南巴士",
			"LINENAME": "109路",
			"NUM": "81"
		}, {
			"QYNAME": "湖南巴士",
			"LINENAME": "131路",
			"NUM": "84"
		}, {
			"QYNAME": "湖南巴士",
			"LINENAME": "132路",
			"NUM": "72"
		}, {
			"QYNAME": "湖南巴士",
			"LINENAME": "149路",
			"NUM": "72"
		}, {
			"QYNAME": "湖南巴士",
			"LINENAME": "159路",
			"NUM": "62"
		}, {
			"QYNAME": "龙骧巴士",
			"LINENAME": "18路",
			"NUM": "89"
		}, {
			"QYNAME": "龙骧巴士",
			"LINENAME": "19路",
			"NUM": "61"
		}, {
			"QYNAME": "龙骧巴士",
			"LINENAME": "20路",
			"NUM": "91"
		}, {
			"QYNAME": "龙骧巴士",
			"LINENAME": "23路",
			"NUM": "75"
		}, {
			"QYNAME": "龙骧巴士",
			"LINENAME": "63路",
			"NUM": "86"
		}, {
			"QYNAME": "龙骧巴士",
			"LINENAME": "68路",
			"NUM": "66"
		}, {
			"QYNAME": "龙骧巴士",
			"LINENAME": "102路",
			"NUM": "99"
		}, {
			"QYNAME": "龙骧巴士",
			"LINENAME": "170路",
			"NUM": "83"
		}, {
			"QYNAME": "龙骧巴士",
			"LINENAME": "26路",
			"NUM": "95"
		}, {
			"QYNAME": "龙骧巴士",
			"LINENAME": "138路",
			"NUM": "66"
		}, {
			"QYNAME": "龙骧巴士",
			"LINENAME": "15路",
			"NUM": "61"
		}, {
			"QYNAME": "龙骧巴士",
			"LINENAME": "66路",
			"NUM": "87"
		}, {
			"QYNAME": "龙骧巴士",
			"LINENAME": "旅1线",
			"NUM": "60"
		}, {
			"QYNAME": "龙骧巴士",
			"LINENAME": "520路",
			"NUM": "93"
		}, {
			"QYNAME": "龙骧巴士",
			"LINENAME": "52路",
			"NUM": "60"
		}, {
			"QYNAME": "龙骧巴士",
			"LINENAME": "27路",
			"NUM": "77"
		}, {
			"QYNAME": "龙骧巴士",
			"LINENAME": "18路区间",
			"NUM": "67"
		}, {
			"QYNAME": "龙骧巴士",
			"LINENAME": "长株潭101路",
			"NUM": "60"
		}, {
			"QYNAME": "龙骧巴士",
			"LINENAME": "103路",
			"NUM": "93"
		}, {
			"QYNAME": "龙骧巴士",
			"LINENAME": "105路",
			"NUM": "87"
		}, {
			"QYNAME": "龙骧巴士",
			"LINENAME": "125路",
			"NUM": "98"
		}, {
			"QYNAME": "龙骧巴士",
			"LINENAME": "107路",
			"NUM": "98"
		}, {
			"QYNAME": "龙骧巴士",
			"LINENAME": "116路",
			"NUM": "71"
		}, {
			"QYNAME": "龙骧巴士",
			"LINENAME": "120路",
			"NUM": "86"
		}, {
			"QYNAME": "龙骧巴士",
			"LINENAME": "122路",
			"NUM": "56"
		}, {
			"QYNAME": "龙骧巴士",
			"LINENAME": "123路",
			"NUM": "56"
		}, {
			"QYNAME": "龙骧巴士",
			"LINENAME": "124路",
			"NUM": "67"
		}, {
			"QYNAME": "龙骧巴士",
			"LINENAME": "137路",
			"NUM": "56"
		}, {
			"QYNAME": "龙骧巴士",
			"LINENAME": "145路",
			"NUM": "63"
		}, {
			"QYNAME": "龙骧巴士",
			"LINENAME": "146路",
			"NUM": "50"
		}, {
			"QYNAME": "龙骧巴士",
			"LINENAME": "147路",
			"NUM": "86"
		}, {
			"QYNAME": "龙骧巴士",
			"LINENAME": "150路",
			"NUM": "77"
		}, {
			"QYNAME": "龙骧巴士",
			"LINENAME": "152路",
			"NUM": "71"
		}, {
			"QYNAME": "龙骧巴士",
			"LINENAME": "168路",
			"NUM": "69"
		}, {
			"QYNAME": "龙骧巴士",
			"LINENAME": "169路",
			"NUM": "93"
		}, {
			"QYNAME": "龙骧巴士",
			"LINENAME": "601路",
			"NUM": "59"
		}, {
			"QYNAME": "龙骧巴士",
			"LINENAME": "602路",
			"NUM": "52"
		}, {
			"QYNAME": "龙骧巴士",
			"LINENAME": "167路",
			"NUM": "53"
		}, {
			"QYNAME": "龙骧巴士",
			"LINENAME": "旅3区间线",
			"NUM": "65"
		}, {
			"QYNAME": "龙骧巴士",
			"LINENAME": "穿梭巴士2号线",
			"NUM": "66"
		}, {
			"QYNAME": "龙骧巴士",
			"LINENAME": "171路",
			"NUM": "99"
		}, {
			"QYNAME": "龙骧巴士",
			"LINENAME": "21路",
			"NUM": "61"
		}, {
			"QYNAME": "龙骧巴士",
			"LINENAME": "69路",
			"NUM": "76"
		}, {
			"QYNAME": "龙骧巴士",
			"LINENAME": "16路",
			"NUM": "89"
		}, {
			"QYNAME": "龙骧巴士",
			"LINENAME": "29路",
			"NUM": "64"
		}, {
			"QYNAME": "龙骧巴士",
			"LINENAME": "38路",
			"NUM": "89"
		}, {
			"QYNAME": "龙骧巴士",
			"LINENAME": "X116路",
			"NUM": "84"
		}, {
			"QYNAME": "龙骧巴士",
			"LINENAME": "36路",
			"NUM": "65"
		}, {
			"QYNAME": "龙骧巴士",
			"LINENAME": "501路",
			"NUM": "83"
		}, {
			"QYNAME": "龙骧巴士",
			"LINENAME": "503路",
			"NUM": "52"
		}, {
			"QYNAME": "龙骧巴士",
			"LINENAME": "502路",
			"NUM": "54"
		}, {
			"QYNAME": "龙骧巴士",
			"LINENAME": "2路",
			"NUM": "84"
		}, {
			"QYNAME": "龙骧巴士",
			"LINENAME": "4路",
			"NUM": "73"
		}, {
			"QYNAME": "龙骧巴士",
			"LINENAME": "6路",
			"NUM": "96"
		}, {
			"QYNAME": "龙骧巴士",
			"LINENAME": "7路",
			"NUM": "72"
		}, {
			"QYNAME": "龙骧巴士",
			"LINENAME": "8路",
			"NUM": "53"
		}, {
			"QYNAME": "龙骧巴士",
			"LINENAME": "11路",
			"NUM": "94"
		}, {
			"QYNAME": "龙骧巴士",
			"LINENAME": "17路",
			"NUM": "60"
		}, {
			"QYNAME": "宝骏巴士",
			"LINENAME": "913路",
			"NUM": "79"
		}, {
			"QYNAME": "宝骏巴士",
			"LINENAME": "916路",
			"NUM": "70"
		}, {
			"QYNAME": "宝骏巴士",
			"LINENAME": "211路",
			"NUM": "81"
		}, {
			"QYNAME": "宝骏巴士",
			"LINENAME": "917路",
			"NUM": "62"
		}, {
			"QYNAME": "宝骏巴士",
			"LINENAME": "206路",
			"NUM": "55"
		}, {
			"QYNAME": "宝骏巴士",
			"LINENAME": "X205路",
			"NUM": "75"
		}, {
			"QYNAME": "宝骏巴士",
			"LINENAME": "城乡公交2号线",
			"NUM": "63"
		}, {
			"QYNAME": "宝骏巴士",
			"LINENAME": "X112路",
			"NUM": "80"
		}, {
			"QYNAME": "宝骏巴士",
			"LINENAME": "212路",
			"NUM": "69"
		}, {
			"QYNAME": "宝骏巴士",
			"LINENAME": "218路",
			"NUM": "64"
		}, {
			"QYNAME": "宝骏巴士",
			"LINENAME": "210路",
			"NUM": "89"
		}, {
			"QYNAME": "宝骏巴士",
			"LINENAME": "216路",
			"NUM": "52"
		}, {
			"QYNAME": "宝骏巴士",
			"LINENAME": "215路",
			"NUM": "59"
		}, {
			"QYNAME": "宝骏巴士",
			"LINENAME": "707路",
			"NUM": "79"
		}, {
			"QYNAME": "宝骏巴士",
			"LINENAME": "204路",
			"NUM": "76"
		}, {
			"QYNAME": "宝骏巴士",
			"LINENAME": "207路",
			"NUM": "81"
		}, {
			"QYNAME": "宝骏巴士",
			"LINENAME": "804路",
			"NUM": "50"
		}, {
			"QYNAME": "宝骏巴士",
			"LINENAME": "809路",
			"NUM": "64"
		}, {
			"QYNAME": "宝骏巴士",
			"LINENAME": "912路",
			"NUM": "88"
		}, {
			"QYNAME": "宝骏巴士",
			"LINENAME": "219路",
			"NUM": "56"
		}, {
			"QYNAME": "宝骏巴士",
			"LINENAME": "222路",
			"NUM": "98"
		}, {
			"QYNAME": "宝骏巴士",
			"LINENAME": "220路",
			"NUM": "71"
		}, {
			"QYNAME": "宝骏巴士",
			"LINENAME": "226路",
			"NUM": "53"
		}, {
			"QYNAME": "宝骏巴士",
			"LINENAME": "228路",
			"NUM": "84"
		}, {
			"QYNAME": "宝骏巴士",
			"LINENAME": "703路",
			"NUM": "91"
		}, {
			"QYNAME": "宝骏巴士",
			"LINENAME": "213路",
			"NUM": "89"
		}, {
			"QYNAME": "宝骏巴士",
			"LINENAME": "237路",
			"NUM": "98"
		}, {
			"QYNAME": "宝骏巴士",
			"LINENAME": "808路",
			"NUM": "63"
		}, {
			"QYNAME": "宝骏巴士",
			"LINENAME": "915路",
			"NUM": "69"
		}, {
			"QYNAME": "宝骏巴士",
			"LINENAME": "918路",
			"NUM": "82"
		}, {
			"QYNAME": "宝骏巴士",
			"LINENAME": "225路",
			"NUM": "69"
		}, {
			"QYNAME": "宝骏巴士",
			"LINENAME": "239路",
			"NUM": "74"
		}, {
			"QYNAME": "宝骏巴士",
			"LINENAME": "205路",
			"NUM": "81"
		}, {
			"QYNAME": "宝骏巴士",
			"LINENAME": "230路",
			"NUM": "85"
		}, {
			"QYNAME": "宝骏巴士",
			"LINENAME": "217路",
			"NUM": "66"
		}, {
			"QYNAME": "宝骏巴士",
			"LINENAME": "229路",
			"NUM": "58"
		}, {
			"QYNAME": "宝骏巴士",
			"LINENAME": "221路",
			"NUM": "57"
		}, {
			"QYNAME": "宝骏巴士",
			"LINENAME": "209路",
			"NUM": "87"
		}, {
			"QYNAME": "宝骏巴士",
			"LINENAME": "801路",
			"NUM": "80"
		}, {
			"QYNAME": "宝骏巴士",
			"LINENAME": "802路",
			"NUM": "53"
		}, {
			"QYNAME": "宝骏巴士",
			"LINENAME": "803路",
			"NUM": "73"
		}, {
			"QYNAME": "宝骏巴士",
			"LINENAME": "805路",
			"NUM": "56"
		}, {
			"QYNAME": "宝骏巴士",
			"LINENAME": "806路",
			"NUM": "92"
		}, {
			"QYNAME": "宝骏巴士",
			"LINENAME": "807路",
			"NUM": "74"
		}, {
			"QYNAME": "宝骏巴士",
			"LINENAME": "810路",
			"NUM": "54"
		}, {
			"QYNAME": "宝骏巴士",
			"LINENAME": "259路",
			"NUM": "61"
		}, {
			"QYNAME": "宝骏巴士",
			"LINENAME": "265路",
			"NUM": "85"
		}, {
			"QYNAME": "宝骏巴士",
			"LINENAME": "251路",
			"NUM": "95"
		}, {
			"QYNAME": "宝骏巴士",
			"LINENAME": "252路",
			"NUM": "79"
		}, {
			"QYNAME": "宝骏巴士",
			"LINENAME": "253路",
			"NUM": "84"
		}, {
			"QYNAME": "宝骏巴士",
			"LINENAME": "255路",
			"NUM": "54"
		}, {
			"QYNAME": "宝骏巴士",
			"LINENAME": "256路",
			"NUM": "71"
		}, {
			"QYNAME": "宝骏巴士",
			"LINENAME": "235 路",
			"NUM": "79"
		}, {
			"QYNAME": "宝骏巴士",
			"LINENAME": "238路",
			"NUM": "51"
		}, {
			"QYNAME": "宝骏巴士",
			"LINENAME": "701路",
			"NUM": "74"
		}, {
			"QYNAME": "宝骏巴士",
			"LINENAME": "208路",
			"NUM": "72"
		}, {
			"QYNAME": "宝骏巴士",
			"LINENAME": "星通103路",
			"NUM": "67"
		}, {
			"QYNAME": "宝骏巴士",
			"LINENAME": "268路",
			"NUM": "80"
		}, {
			"QYNAME": "宝骏巴士",
			"LINENAME": "260路",
			"NUM": "96"
		}, {
			"QYNAME": "宝骏巴士",
			"LINENAME": "266路",
			"NUM": "74"
		}, {
			"QYNAME": "宝骏巴士",
			"LINENAME": "811路",
			"NUM": "55"
		}, {
			"QYNAME": "宝骏巴士",
			"LINENAME": "812路",
			"NUM": "67"
		}, {
			"QYNAME": "宝骏巴士",
			"LINENAME": "143路",
			"NUM": "55"
		}, {
			"QYNAME": "宝骏巴士",
			"LINENAME": "702路",
			"NUM": "99"
		}, {
			"QYNAME": "宝骏巴士",
			"LINENAME": "203路",
			"NUM": "51"
		}, {
			"QYNAME": "宝骏巴士",
			"LINENAME": "704路",
			"NUM": "74"
		}, {
			"QYNAME": "宝骏巴士",
			"LINENAME": "142路",
			"NUM": "88"
		}, {
			"QYNAME": "宝骏巴士",
			"LINENAME": "202路",
			"NUM": "68"
		}, {
			"QYNAME": "宝骏巴士",
			"LINENAME": "705路",
			"NUM": "90"
		}
	]
}